taxon,lineage,probability,pangoLEARN_version,status,note
_ERR4693537.0,B.1.177.7,1.0,2021-02-21,passed_qc,
_ERR4693537.1,B.1.177.7,1.0,2021-02-21,passed_qc,
_ERR4693537.2,B.1.177.7,1.0,2021-02-21,passed_qc,
_ERR4693537.3,B.1.177.7,1.0,2021-02-21,passed_qc,
_ERR4693537.4,B.1.177.7,1.0,2021-02-21,passed_qc,
_ERR4693537.5,B.1.177.7,1.0,2021-02-21,passed_qc,
_ERR4693537.6,B.1.177.7,1.0,2021-02-21,passed_qc,
_ERR4693537.7,B.1.177.7,1.0,2021-02-21,passed_qc,
_ERR4693537.8,B.1.177.7,1.0,2021-02-21,passed_qc,
_ERR4693537.9,B.1.177.7,1.0,2021-02-21,passed_qc,
_ERR4693537.10,B.1.177.7,1.0,2021-02-21,passed_qc,
_ERR4693537.11,B.1.177.7,1.0,2021-02-21,passed_qc,
_ERR4693537.12,B.1.177.7,1.0,2021-02-21,passed_qc,
_ERR4693537.13,B.1.177.7,1.0,2021-02-21,passed_qc,
_ERR4693537.14,B.1.177.7,1.0,2021-02-21,passed_qc,
_ERR4693537.15,B.1.177.7,1.0,2021-02-21,passed_qc,
_ERR4693537.16,B.1.177.7,1.0,2021-02-21,passed_qc,
_ERR4693537.17,B.1.177.7,1.0,2021-02-21,passed_qc,
_ERR4693537.18,B.1.177.7,1.0,2021-02-21,passed_qc,
_ERR4693537.19,B.1.177.7,1.0,2021-02-21,passed_qc,
_ERR4693537.20,B.1.177.7,1.0,2021-02-21,passed_qc,
_ERR4693537.21,B.1.177.7,1.0,2021-02-21,passed_qc,
_ERR4693537.22,B.1.177,1.0,2021-02-21,passed_qc,
_ERR4693537.23,B.1.177.7,1.0,2021-02-21,passed_qc,
_ERR4693537.24,B.1.177.7,1.0,2021-02-21,passed_qc,
_ERR4693537.25,B.1.177.7,1.0,2021-02-21,passed_qc,
_ERR4693537.26,B.1.177.7,1.0,2021-02-21,passed_qc,
_ERR4693537.27,B.1.177.7,1.0,2021-02-21,passed_qc,
_ERR4693537.28,B.1.177.7,1.0,2021-02-21,passed_qc,
_ERR4693537.29,B.1.177.7,1.0,2021-02-21,passed_qc,
_ERR4693537.30,B.1.177.7,1.0,2021-02-21,passed_qc,
_ERR4693537.31,B.1.177.7,1.0,2021-02-21,passed_qc,
_ERR4693537.32,B.1.177.7,1.0,2021-02-21,passed_qc,
_ERR4693537.33,B.1.177.7,1.0,2021-02-21,passed_qc,
_ERR4693537.34,B.1.177.7,1.0,2021-02-21,passed_qc,
_ERR4693537.35,B.1.177.7,1.0,2021-02-21,passed_qc,
_ERR4693537.36,B.1.177.7,1.0,2021-02-21,passed_qc,
_ERR4693537.37,B.1.177.7,1.0,2021-02-21,passed_qc,
_ERR4693537.38,B.1.177.7,1.0,2021-02-21,passed_qc,
_ERR4693537.39,B.1.177.7,1.0,2021-02-21,passed_qc,
_ERR4693537.40,B.1.177.7,1.0,2021-02-21,passed_qc,
_ERR4693537.41,B.1.177.7,1.0,2021-02-21,passed_qc,
_ERR4693537.42,B.1.177.7,1.0,2021-02-21,passed_qc,
_ERR4693537.43,B.1.177.7,1.0,2021-02-21,passed_qc,
_ERR4693537.44,B.1.177.7,1.0,2021-02-21,passed_qc,
_ERR4693537.45,B.1.177.7,1.0,2021-02-21,passed_qc,
_ERR4693537.46,B.1.177.7,1.0,2021-02-21,passed_qc,
_ERR4693537.47,B.1.177.7,1.0,2021-02-21,passed_qc,
_ERR4693537.48,B.1.177.7,1.0,2021-02-21,passed_qc,
_ERR4693537.49,B.1.177.7,1.0,2021-02-21,passed_qc,
_ERR4693537.50,B.1.177.7,1.0,2021-02-21,passed_qc,
_ERR4693537.51,B.1.177.7,1.0,2021-02-21,passed_qc,
_ERR4693537.52,B.1.177.7,1.0,2021-02-21,passed_qc,
_ERR4693537.53,B.1.177.7,1.0,2021-02-21,passed_qc,
_ERR4693537.54,B.1.177.7,1.0,2021-02-21,passed_qc,
_ERR4693537.55,B.1.177.7,1.0,2021-02-21,passed_qc,
_ERR4693537.56,B.1.177.7,1.0,2021-02-21,passed_qc,
_ERR4693537.57,B.1.177.7,1.0,2021-02-21,passed_qc,
_ERR4693537.58,B.1.177.7,1.0,2021-02-21,passed_qc,
_ERR4693537.59,B.1.177.7,1.0,2021-02-21,passed_qc,
_ERR4693537.60,B.1.177.7,1.0,2021-02-21,passed_qc,
_ERR4693537.61,B.1.177.7,1.0,2021-02-21,passed_qc,
_ERR4693537.62,B.1.177.7,1.0,2021-02-21,passed_qc,
_ERR4693537.63,B.1.177.7,1.0,2021-02-21,passed_qc,
_ERR4693537.64,B.1.177.7,1.0,2021-02-21,passed_qc,
_ERR4693537.65,B.1.177.7,1.0,2021-02-21,passed_qc,
_ERR4693537.66,B.1.177.7,1.0,2021-02-21,passed_qc,
_ERR4693537.67,B.1.177.7,1.0,2021-02-21,passed_qc,
_ERR4693537.68,B.1.177.7,1.0,2021-02-21,passed_qc,
_ERR4693537.69,B.1.177.7,1.0,2021-02-21,passed_qc,
_ERR4693537.70,B.1.177.7,1.0,2021-02-21,passed_qc,
_ERR4693537.71,B.1.177.7,1.0,2021-02-21,passed_qc,
_ERR4693537.72,B.1.177.7,1.0,2021-02-21,passed_qc,
_ERR4693537.73,B.1.177.7,1.0,2021-02-21,passed_qc,
_ERR4693537.74,B.1.177.7,1.0,2021-02-21,passed_qc,
_ERR4693537.75,B.1.177.7,1.0,2021-02-21,passed_qc,
_ERR4693537.76,B.1.177.7,1.0,2021-02-21,passed_qc,
_ERR4693537.77,B.1.177.7,1.0,2021-02-21,passed_qc,
_ERR4693537.78,B.1.177.7,1.0,2021-02-21,passed_qc,
_ERR4693537.79,B.1.177.7,1.0,2021-02-21,passed_qc,
_ERR4693537.80,B.1.177.7,1.0,2021-02-21,passed_qc,
_ERR4693537.81,B.1.177.7,1.0,2021-02-21,passed_qc,
_ERR4693537.82,B.1.177.7,1.0,2021-02-21,passed_qc,
_ERR4693537.83,B.1.177.7,1.0,2021-02-21,passed_qc,
_ERR4693537.84,B.1.177.7,1.0,2021-02-21,passed_qc,
_ERR4693537.85,B.1.177.7,1.0,2021-02-21,passed_qc,
_ERR4693537.86,B.1.177.7,1.0,2021-02-21,passed_qc,
_ERR4693537.87,B.1.177.7,1.0,2021-02-21,passed_qc,
_ERR4693537.88,B.1.177.7,1.0,2021-02-21,passed_qc,
_ERR4693537.89,B.1.177.7,1.0,2021-02-21,passed_qc,
_ERR4693537.90,B.1.177.7,1.0,2021-02-21,passed_qc,
_ERR4693537.91,B.1.177.7,1.0,2021-02-21,passed_qc,
_ERR4693537.92,B.1.177.7,1.0,2021-02-21,passed_qc,
_ERR4693537.93,B.1.177,1.0,2021-02-21,passed_qc,
_ERR4693537.94,B.1.177.7,1.0,2021-02-21,passed_qc,
_ERR4693537.95,B.1.177.7,1.0,2021-02-21,passed_qc,
_ERR4693537.96,B.1.177.7,1.0,2021-02-21,passed_qc,
_ERR4693537.97,B.1.177.7,1.0,2021-02-21,passed_qc,
_ERR4693537.98,B.1.177.7,1.0,2021-02-21,passed_qc,
_ERR4693537.99,B.1.177.7,1.0,2021-02-21,passed_qc,
_ERR4693537.100,B.1.177.7,1.0,2021-02-21,passed_qc,
_ERR4693537.101,B.1.177.7,1.0,2021-02-21,passed_qc,
_ERR4693537.102,B.1.177.7,1.0,2021-02-21,passed_qc,
_ERR4693537.103,B.1.177.7,1.0,2021-02-21,passed_qc,
_ERR4693537.104,B.1.177.7,1.0,2021-02-21,passed_qc,
_ERR4693537.105,B.1.177.7,1.0,2021-02-21,passed_qc,
_ERR4693537.106,B.1.177.7,1.0,2021-02-21,passed_qc,
_ERR4693537.107,B.1.177.7,1.0,2021-02-21,passed_qc,
_ERR4693537.108,B.1.177.7,1.0,2021-02-21,passed_qc,
_ERR4693537.109,B.1.177.7,1.0,2021-02-21,passed_qc,
_ERR4693537.110,B.1.177.7,1.0,2021-02-21,passed_qc,
_ERR4693537.111,B.1.177.7,1.0,2021-02-21,passed_qc,
_ERR4693537.112,B.1.177.7,1.0,2021-02-21,passed_qc,
_ERR4693537.113,B.1.177.7,1.0,2021-02-21,passed_qc,
_ERR4693537.114,B.1.177.7,1.0,2021-02-21,passed_qc,
_ERR4693537.115,B.1.177.7,1.0,2021-02-21,passed_qc,
_ERR4693537.116,B.1.177,1.0,2021-02-21,passed_qc,
_ERR4693537.117,B.1.177.7,1.0,2021-02-21,passed_qc,
_ERR4693537.118,B.1.177.7,1.0,2021-02-21,passed_qc,
_ERR4693537.119,B.1.177.7,1.0,2021-02-21,passed_qc,
_ERR4693537.120,B.1.177.7,1.0,2021-02-21,passed_qc,
_ERR4693537.121,B.1.177.7,1.0,2021-02-21,passed_qc,
_ERR4693537.122,B.1.177.7,1.0,2021-02-21,passed_qc,
_ERR4693537.123,B.1.177.7,1.0,2021-02-21,passed_qc,
_ERR4693537.124,B.1.177.7,1.0,2021-02-21,passed_qc,
_ERR4693537.125,B.1.177.7,1.0,2021-02-21,passed_qc,
_ERR4693537.126,B.1.177.7,1.0,2021-02-21,passed_qc,
_ERR4693537.127,B.1.177.7,1.0,2021-02-21,passed_qc,
_ERR4693537.128,B.1.177.7,1.0,2021-02-21,passed_qc,
_ERR4693537.129,B.1.177.7,1.0,2021-02-21,passed_qc,
_ERR4693537.130,B.1.177.7,1.0,2021-02-21,passed_qc,
_ERR4693537.131,B.1.177,1.0,2021-02-21,passed_qc,
_ERR4693537.132,B.1.177.7,1.0,2021-02-21,passed_qc,
_ERR4693537.133,B.1.177.7,1.0,2021-02-21,passed_qc,
_ERR4693537.134,B.1.177.7,1.0,2021-02-21,passed_qc,
_ERR4693537.135,B.1.177.7,1.0,2021-02-21,passed_qc,
_ERR4693537.136,B.1.177.7,1.0,2021-02-21,passed_qc,
_ERR4693537.137,B.1.177.7,1.0,2021-02-21,passed_qc,
_ERR4693537.138,B.1.177.7,1.0,2021-02-21,passed_qc,
_ERR4693537.139,B.1.177.7,1.0,2021-02-21,passed_qc,
_ERR4693537.140,B.1.177.7,1.0,2021-02-21,passed_qc,
_ERR4693537.141,B.1.177.7,1.0,2021-02-21,passed_qc,
_ERR4693537.142,B.1.177.7,1.0,2021-02-21,passed_qc,
_ERR4693537.143,B.1.177.21,1.0,2021-02-21,passed_qc,
_ERR4693537.144,B.1.177.7,1.0,2021-02-21,passed_qc,
_ERR4693537.145,B.1.177.7,1.0,2021-02-21,passed_qc,
_ERR4693537.146,B.1.177.7,1.0,2021-02-21,passed_qc,
_ERR4693537.147,B.1.177.7,1.0,2021-02-21,passed_qc,
_ERR4693537.148,B.1.177.7,1.0,2021-02-21,passed_qc,
_ERR4693537.149,B.1.177.7,1.0,2021-02-21,passed_qc,
_ERR4693537.150,B.1.177.7,1.0,2021-02-21,passed_qc,
_ERR4693537.151,B.1.177.7,1.0,2021-02-21,passed_qc,
_ERR4693537.152,B.1.177.7,1.0,2021-02-21,passed_qc,
_ERR4693537.153,B.1.177.7,1.0,2021-02-21,passed_qc,
_ERR4693537.154,B.1.177.7,1.0,2021-02-21,passed_qc,
_ERR4693537.155,B.1.177.7,1.0,2021-02-21,passed_qc,
_ERR4693537.156,B.1.177.7,1.0,2021-02-21,passed_qc,
_ERR4693537.157,B.1.177.7,1.0,2021-02-21,passed_qc,
_ERR4693537.158,B.1.177.7,1.0,2021-02-21,passed_qc,
_ERR4693537.159,B.1.177.7,1.0,2021-02-21,passed_qc,
_ERR4693537.160,B.1.177.7,1.0,2021-02-21,passed_qc,
_ERR4693537.161,B.1.177,1.0,2021-02-21,passed_qc,
_ERR4693537.162,B.1.177.7,1.0,2021-02-21,passed_qc,
_ERR4693537.163,B.1.177.7,1.0,2021-02-21,passed_qc,
_ERR4693537.164,B.1.177.7,1.0,2021-02-21,passed_qc,
_ERR4693537.165,B.1.177.7,1.0,2021-02-21,passed_qc,
_ERR4693537.166,B.1.177.7,1.0,2021-02-21,passed_qc,
_ERR4693537.167,B.1.177.7,1.0,2021-02-21,passed_qc,
_ERR4693537.168,B.1.177.7,1.0,2021-02-21,passed_qc,
_ERR4693537.169,B.1.177.7,1.0,2021-02-21,passed_qc,
_ERR4693537.170,B.1.177.7,1.0,2021-02-21,passed_qc,
_ERR4693537.171,B.1.177.7,1.0,2021-02-21,passed_qc,
_ERR4693537.172,B.1.177.7,1.0,2021-02-21,passed_qc,
_ERR4693537.173,B.1.177.7,1.0,2021-02-21,passed_qc,
_ERR4693537.174,B.1.177.7,1.0,2021-02-21,passed_qc,
_ERR4693537.175,B.1.177.7,1.0,2021-02-21,passed_qc,
_ERR4693537.176,B.1.177.7,1.0,2021-02-21,passed_qc,
_ERR4693537.177,B.1.177.7,1.0,2021-02-21,passed_qc,
_ERR4693537.178,B.1.177.7,1.0,2021-02-21,passed_qc,
_ERR4693537.179,B.1.177.7,1.0,2021-02-21,passed_qc,
_ERR4693537.180,B.1.177.7,1.0,2021-02-21,passed_qc,
_ERR4693537.181,B.1.177.7,1.0,2021-02-21,passed_qc,
_ERR4693537.182,B.1.177.7,1.0,2021-02-21,passed_qc,
_ERR4693537.183,B.1.177.7,1.0,2021-02-21,passed_qc,
_ERR4693537.184,B.1.177.7,1.0,2021-02-21,passed_qc,
_ERR4693537.185,B.1.177.7,1.0,2021-02-21,passed_qc,
_ERR4693537.186,B.1.177.7,1.0,2021-02-21,passed_qc,
_ERR4693537.187,B.1.177.7,1.0,2021-02-21,passed_qc,
_ERR4693537.188,B.1.177.7,1.0,2021-02-21,passed_qc,
_ERR4693537.189,B.1.177.7,1.0,2021-02-21,passed_qc,
_ERR4693537.190,B.1.177.7,1.0,2021-02-21,passed_qc,
_ERR4693537.191,B.1.177.7,1.0,2021-02-21,passed_qc,
_ERR4693537.192,B.1.177.7,1.0,2021-02-21,passed_qc,
_ERR4693537.193,B.1.177.7,1.0,2021-02-21,passed_qc,
_ERR4693537.194,B.1.177.7,1.0,2021-02-21,passed_qc,
_ERR4693537.195,B.1.177.7,1.0,2021-02-21,passed_qc,
_ERR4693537.196,B.1.177.7,1.0,2021-02-21,passed_qc,
_ERR4693537.197,B.1.177.7,1.0,2021-02-21,passed_qc,
_ERR4693537.198,B.1.177.7,1.0,2021-02-21,passed_qc,
_ERR4693537.199,B.1.177.7,1.0,2021-02-21,passed_qc,
_ERR4693537.200,B.1.177.7,1.0,2021-02-21,passed_qc,
_ERR4693537.201,B.1.177.7,1.0,2021-02-21,passed_qc,
_ERR4693537.202,B.1.177.7,1.0,2021-02-21,passed_qc,
_ERR4693537.203,B.1.177.7,1.0,2021-02-21,passed_qc,
_ERR4693537.204,B.1.177.7,1.0,2021-02-21,passed_qc,
_ERR4693537.205,B.1.177.7,1.0,2021-02-21,passed_qc,
_ERR4693537.206,B.1.177.7,1.0,2021-02-21,passed_qc,
_ERR4693537.207,B.1.177.7,1.0,2021-02-21,passed_qc,
_ERR4693537.208,B.1.177.7,1.0,2021-02-21,passed_qc,
_ERR4693537.209,B.1.177.7,1.0,2021-02-21,passed_qc,
_ERR4693537.210,B.1.177.7,1.0,2021-02-21,passed_qc,
_ERR4693537.211,B.1.177.7,1.0,2021-02-21,passed_qc,
_ERR4693537.212,B.1.177.7,1.0,2021-02-21,passed_qc,
_ERR4693537.213,B.1.177.7,1.0,2021-02-21,passed_qc,
_ERR4693537.214,B.1.177.7,1.0,2021-02-21,passed_qc,
_ERR4693537.215,B.1.177.7,1.0,2021-02-21,passed_qc,
_ERR4693537.216,B.1.177.7,1.0,2021-02-21,passed_qc,
_ERR4693537.217,B.1.177.7,1.0,2021-02-21,passed_qc,
_ERR4693537.218,B.1.177.7,1.0,2021-02-21,passed_qc,
_ERR4693537.219,B.1.177.7,1.0,2021-02-21,passed_qc,
_ERR4693537.220,B.1.177.7,1.0,2021-02-21,passed_qc,
_ERR4693537.221,B.1.177.7,1.0,2021-02-21,passed_qc,
_ERR4693537.222,B.1.177.7,1.0,2021-02-21,passed_qc,
_ERR4693537.223,B.1.177.7,1.0,2021-02-21,passed_qc,
_ERR4693537.224,B.1.177.7,1.0,2021-02-21,passed_qc,
_ERR4693537.225,B.1.177,1.0,2021-02-21,passed_qc,
_ERR4693537.226,B.1.177.7,1.0,2021-02-21,passed_qc,
_ERR4693537.227,B.1.177.7,1.0,2021-02-21,passed_qc,
_ERR4693537.228,B.1.177.7,1.0,2021-02-21,passed_qc,
_ERR4693537.229,B.1.177.7,1.0,2021-02-21,passed_qc,
_ERR4693537.230,B.1.177.7,1.0,2021-02-21,passed_qc,
_ERR4693537.231,B.1.177.7,1.0,2021-02-21,passed_qc,
_ERR4693537.232,B.1.177.7,1.0,2021-02-21,passed_qc,
_ERR4693537.233,B.1.177.7,1.0,2021-02-21,passed_qc,
_ERR4693537.234,B.1.177.7,1.0,2021-02-21,passed_qc,
_ERR4693537.235,B.1.177,1.0,2021-02-21,passed_qc,
_ERR4693537.236,B.1.177.7,1.0,2021-02-21,passed_qc,
_ERR4693537.237,B.1.177.7,1.0,2021-02-21,passed_qc,
_ERR4693537.238,B.1.177.7,1.0,2021-02-21,passed_qc,
_ERR4693537.239,B.1.177.7,1.0,2021-02-21,passed_qc,
_ERR4693537.240,B.1.177.7,1.0,2021-02-21,passed_qc,
_ERR4693537.241,B.1.177.7,1.0,2021-02-21,passed_qc,
_ERR4693537.242,B.1.177.7,1.0,2021-02-21,passed_qc,
_ERR4693537.243,B.1.177.7,1.0,2021-02-21,passed_qc,
_ERR4693537.244,B.1.177.7,1.0,2021-02-21,passed_qc,
_ERR4693537.245,B.1.177.7,1.0,2021-02-21,passed_qc,
_ERR4693537.246,B.1.177.7,1.0,2021-02-21,passed_qc,
_ERR4693537.247,B.1.177.7,1.0,2021-02-21,passed_qc,
_ERR4693537.248,B.1.177.7,1.0,2021-02-21,passed_qc,
_ERR4693537.249,B.1.177.7,1.0,2021-02-21,passed_qc,
_ERR4693537.250,B.1.177.7,1.0,2021-02-21,passed_qc,
_ERR4693537.251,B.1.177.7,1.0,2021-02-21,passed_qc,
_ERR4693537.252,B.1.177.7,1.0,2021-02-21,passed_qc,
_ERR4693537.253,B.1.177.7,1.0,2021-02-21,passed_qc,
_ERR4693537.254,B.1.177.7,1.0,2021-02-21,passed_qc,
_ERR4693537.255,B.1.177.7,1.0,2021-02-21,passed_qc,
_ERR4693537.256,B.1.177.7,1.0,2021-02-21,passed_qc,
_ERR4693537.257,B.1.177.7,1.0,2021-02-21,passed_qc,
_ERR4693537.258,B.1.177.7,1.0,2021-02-21,passed_qc,
_ERR4693537.259,B.1.177.7,1.0,2021-02-21,passed_qc,
_ERR4693537.260,B.1.177.7,1.0,2021-02-21,passed_qc,
_ERR4693537.261,B.1.177.7,1.0,2021-02-21,passed_qc,
_ERR4693537.262,B.1.177.7,1.0,2021-02-21,passed_qc,
_ERR4693537.263,B.1.177.7,1.0,2021-02-21,passed_qc,
_ERR4693537.264,B.1.177.7,1.0,2021-02-21,passed_qc,
_ERR4693537.265,B.1.177.7,1.0,2021-02-21,passed_qc,
_ERR4693537.266,B.1.177.7,1.0,2021-02-21,passed_qc,
_ERR4693537.267,B.1.177.7,1.0,2021-02-21,passed_qc,
_ERR4693537.268,B.1.177.7,1.0,2021-02-21,passed_qc,
_ERR4693537.269,B.1.177.7,1.0,2021-02-21,passed_qc,
_ERR4693537.270,B.1.177.7,1.0,2021-02-21,passed_qc,
_ERR4693537.271,B.1.177.7,1.0,2021-02-21,passed_qc,
_ERR4693537.272,B.1.177.7,1.0,2021-02-21,passed_qc,
_ERR4693537.273,B.1.177.7,1.0,2021-02-21,passed_qc,
_ERR4693537.274,B.1.177.7,1.0,2021-02-21,passed_qc,
_ERR4693537.275,B.1.177.7,1.0,2021-02-21,passed_qc,
_ERR4693537.276,B.1.177.7,1.0,2021-02-21,passed_qc,
_ERR4693537.277,B.1.177.7,1.0,2021-02-21,passed_qc,
_ERR4693537.278,B.1.177.7,1.0,2021-02-21,passed_qc,
_ERR4693537.279,B.1.177.7,1.0,2021-02-21,passed_qc,
_ERR4693537.280,B.1.177.7,1.0,2021-02-21,passed_qc,
_ERR4693537.281,B.1.177.9,1.0,2021-02-21,passed_qc,
_ERR4693537.282,B.1.177,1.0,2021-02-21,passed_qc,
_ERR4693537.283,B.1.177.7,1.0,2021-02-21,passed_qc,
_ERR4693537.284,B.1.177.7,1.0,2021-02-21,passed_qc,
_ERR4693537.285,B.1.177.7,1.0,2021-02-21,passed_qc,
_ERR4693537.286,B.1.177.7,1.0,2021-02-21,passed_qc,
_ERR4693537.287,B.1.177.7,1.0,2021-02-21,passed_qc,
_ERR4693537.288,B.1.177.7,1.0,2021-02-21,passed_qc,
_ERR4693537.289,B.1.177.7,1.0,2021-02-21,passed_qc,
_ERR4693537.290,B.1.177.7,1.0,2021-02-21,passed_qc,
_ERR4693537.291,B.1.177.7,1.0,2021-02-21,passed_qc,
_ERR4693537.292,B.1.177.7,1.0,2021-02-21,passed_qc,
_ERR4693537.293,B.1.177.7,1.0,2021-02-21,passed_qc,
_ERR4693537.294,B.1.177.7,1.0,2021-02-21,passed_qc,
_ERR4693537.295,B.1.177.7,1.0,2021-02-21,passed_qc,
_ERR4693537.296,B.1.177.7,1.0,2021-02-21,passed_qc,
_ERR4693537.297,B.1.177.7,1.0,2021-02-21,passed_qc,
_ERR4693537.298,B.1.177.7,1.0,2021-02-21,passed_qc,
_ERR4693537.299,B.1.177.7,1.0,2021-02-21,passed_qc,
_ERR4693537.300,B.1.177.7,1.0,2021-02-21,passed_qc,
_ERR4693537.301,B.1.177.7,1.0,2021-02-21,passed_qc,
_ERR4693537.302,B.1.177.7,1.0,2021-02-21,passed_qc,
_ERR4693537.303,B.1.177.7,1.0,2021-02-21,passed_qc,
_ERR4693537.304,B.1.177.7,1.0,2021-02-21,passed_qc,
_ERR4693537.305,B.1.177.7,1.0,2021-02-21,passed_qc,
_ERR4693537.306,B.1.177.7,1.0,2021-02-21,passed_qc,
_ERR4693537.307,B.1.177.7,1.0,2021-02-21,passed_qc,
_ERR4693537.308,B.1.177.7,1.0,2021-02-21,passed_qc,
_ERR4693537.309,B.1.177.7,1.0,2021-02-21,passed_qc,
_ERR4693537.310,B.1.177.7,1.0,2021-02-21,passed_qc,
_ERR4693537.311,B.1.177.7,1.0,2021-02-21,passed_qc,
_ERR4693537.312,B.1.177.7,1.0,2021-02-21,passed_qc,
_ERR4693537.313,B.1.177.7,1.0,2021-02-21,passed_qc,
_ERR4693537.314,B.1.177.7,1.0,2021-02-21,passed_qc,
_ERR4693537.315,B.1.177.7,1.0,2021-02-21,passed_qc,
_ERR4693537.316,B.1.177.7,1.0,2021-02-21,passed_qc,
_ERR4693537.317,B.1.177.7,1.0,2021-02-21,passed_qc,
_ERR4693537.318,B.1.177.7,1.0,2021-02-21,passed_qc,
_ERR4693537.319,B.1.177.7,1.0,2021-02-21,passed_qc,
_ERR4693537.320,B.1.177.7,1.0,2021-02-21,passed_qc,
_ERR4693537.321,B.1.177.7,1.0,2021-02-21,passed_qc,
_ERR4693537.322,B.1.177.7,1.0,2021-02-21,passed_qc,
_ERR4693537.323,B.1.177.7,1.0,2021-02-21,passed_qc,
_ERR4693537.324,B.1.177.7,1.0,2021-02-21,passed_qc,
_ERR4693537.325,B.1.177.7,1.0,2021-02-21,passed_qc,
_ERR4693537.326,B.1.177.7,1.0,2021-02-21,passed_qc,
_ERR4693537.327,B.1.177.7,1.0,2021-02-21,passed_qc,
_ERR4693537.328,B.1.177.7,1.0,2021-02-21,passed_qc,
_ERR4693537.329,B.1.177.7,1.0,2021-02-21,passed_qc,
_ERR4693537.330,B.1.177.7,1.0,2021-02-21,passed_qc,
_ERR4693537.331,B.1.177.7,1.0,2021-02-21,passed_qc,
_ERR4693537.332,B.1.177.7,1.0,2021-02-21,passed_qc,
_ERR4693537.333,B.1.177.7,1.0,2021-02-21,passed_qc,
_ERR4693537.334,B.1.177.7,1.0,2021-02-21,passed_qc,
_ERR4693537.335,B.1.177.7,1.0,2021-02-21,passed_qc,
_ERR4693537.336,B.1.177.7,1.0,2021-02-21,passed_qc,
_ERR4693537.337,B.1.177.7,1.0,2021-02-21,passed_qc,
_ERR4693537.338,B.1.177.7,1.0,2021-02-21,passed_qc,
_ERR4693537.339,B.1.177.7,1.0,2021-02-21,passed_qc,
_ERR4693537.340,B.1.177.7,1.0,2021-02-21,passed_qc,
_ERR4693537.341,B.1.177.7,1.0,2021-02-21,passed_qc,
_ERR4693537.342,B.1.177.7,1.0,2021-02-21,passed_qc,
_ERR4693537.343,B.1.177.7,1.0,2021-02-21,passed_qc,
_ERR4693537.344,B.1.177.7,1.0,2021-02-21,passed_qc,
_ERR4693537.345,B.1.177.7,1.0,2021-02-21,passed_qc,
_ERR4693537.346,B.1.177.7,1.0,2021-02-21,passed_qc,
_ERR4693537.347,B.1.177.7,1.0,2021-02-21,passed_qc,
_ERR4693537.348,B.1.177.7,1.0,2021-02-21,passed_qc,
_ERR4693537.349,B.1.177.7,1.0,2021-02-21,passed_qc,
_ERR4693537.350,B.1.177.7,1.0,2021-02-21,passed_qc,
_ERR4693537.351,B.1.177.7,1.0,2021-02-21,passed_qc,
_ERR4693537.352,B.1.177.7,1.0,2021-02-21,passed_qc,
_ERR4693537.353,B.1.177.7,1.0,2021-02-21,passed_qc,
_ERR4693537.354,B.1.177.7,1.0,2021-02-21,passed_qc,
_ERR4693537.355,B.1.177.7,1.0,2021-02-21,passed_qc,
_ERR4693537.356,B.1.177.7,1.0,2021-02-21,passed_qc,
_ERR4693537.357,B.1.177.7,1.0,2021-02-21,passed_qc,
_ERR4693537.358,B.1.177.7,1.0,2021-02-21,passed_qc,
_ERR4693537.359,B.1.177.7,1.0,2021-02-21,passed_qc,
_ERR4693537.360,B.1.177.7,1.0,2021-02-21,passed_qc,
_ERR4693537.361,B.1.177.7,1.0,2021-02-21,passed_qc,
_ERR4693537.362,B.1.177.7,1.0,2021-02-21,passed_qc,
_ERR4693537.363,B.1.177.7,1.0,2021-02-21,passed_qc,
_ERR4693537.364,B.1.177.7,1.0,2021-02-21,passed_qc,
_ERR4693537.365,B.1.177.7,1.0,2021-02-21,passed_qc,
_ERR4693537.366,B.1.177.7,1.0,2021-02-21,passed_qc,
_ERR4693537.367,B.1.177.7,1.0,2021-02-21,passed_qc,
_ERR4693537.368,B.1.177.7,1.0,2021-02-21,passed_qc,
_ERR4693537.369,B.1.177.7,1.0,2021-02-21,passed_qc,
_ERR4693537.370,B.1.177.7,1.0,2021-02-21,passed_qc,
_ERR4693537.371,B.1.177.7,1.0,2021-02-21,passed_qc,
_ERR4693537.372,B.1.177.7,1.0,2021-02-21,passed_qc,
_ERR4693537.373,B.1.177.7,1.0,2021-02-21,passed_qc,
_ERR4693537.374,B.1.177.7,1.0,2021-02-21,passed_qc,
_ERR4693537.375,B.1.177.7,1.0,2021-02-21,passed_qc,
_ERR4693537.376,B.1.177.7,1.0,2021-02-21,passed_qc,
_ERR4693537.377,B.1.177.7,1.0,2021-02-21,passed_qc,
_ERR4693537.378,B.1.177.7,1.0,2021-02-21,passed_qc,
_ERR4693537.379,B.1.177.7,1.0,2021-02-21,passed_qc,
_ERR4693537.380,B.1.177.7,1.0,2021-02-21,passed_qc,
_ERR4693537.381,B.1.177.7,1.0,2021-02-21,passed_qc,
_ERR4693537.382,B.1.177.7,1.0,2021-02-21,passed_qc,
_ERR4693537.383,B.1.177.7,1.0,2021-02-21,passed_qc,
_ERR4693537.384,B.1.177.7,1.0,2021-02-21,passed_qc,
_ERR4693537.385,B.1.177.7,1.0,2021-02-21,passed_qc,
_ERR4693537.386,B.1.177.7,1.0,2021-02-21,passed_qc,
_ERR4693537.387,B.1.177.7,1.0,2021-02-21,passed_qc,
_ERR4693537.388,B.1.177.7,1.0,2021-02-21,passed_qc,
_ERR4693537.389,B.1.177.7,1.0,2021-02-21,passed_qc,
_ERR4693537.390,B.1.177.7,1.0,2021-02-21,passed_qc,
_ERR4693537.391,B.1.177.7,1.0,2021-02-21,passed_qc,
_ERR4693537.392,B.1.177.7,1.0,2021-02-21,passed_qc,
_ERR4693537.393,B.1.177.7,1.0,2021-02-21,passed_qc,
_ERR4693537.394,B.1.177.7,1.0,2021-02-21,passed_qc,
_ERR4693537.395,B.1.177.7,1.0,2021-02-21,passed_qc,
_ERR4693537.396,B.1.177.7,1.0,2021-02-21,passed_qc,
_ERR4693537.397,B.1.177.7,1.0,2021-02-21,passed_qc,
_ERR4693537.398,B.1.177.7,1.0,2021-02-21,passed_qc,
_ERR4693537.399,B.1.177.7,1.0,2021-02-21,passed_qc,
_ERR4693537.400,B.1.177.7,1.0,2021-02-21,passed_qc,
_ERR4693537.401,B.1.177.7,1.0,2021-02-21,passed_qc,
_ERR4693537.402,B.1.177.7,1.0,2021-02-21,passed_qc,
_ERR4693537.403,B.1.177.7,1.0,2021-02-21,passed_qc,
_ERR4693537.404,B.1.177.7,1.0,2021-02-21,passed_qc,
_ERR4693537.405,B.1.177.7,1.0,2021-02-21,passed_qc,
_ERR4693537.406,B.1.177.7,1.0,2021-02-21,passed_qc,
_ERR4693537.407,B.1.177.7,1.0,2021-02-21,passed_qc,
_ERR4693537.408,B.1.177.7,1.0,2021-02-21,passed_qc,
_ERR4693537.409,B.1.177.7,1.0,2021-02-21,passed_qc,
_ERR4693537.410,B.1.177.7,1.0,2021-02-21,passed_qc,
_ERR4693537.411,B.1.177.7,1.0,2021-02-21,passed_qc,
_ERR4693537.412,B.1.177.7,1.0,2021-02-21,passed_qc,
_ERR4693537.413,B.1.177.7,1.0,2021-02-21,passed_qc,
_ERR4693537.414,B.1.177.7,1.0,2021-02-21,passed_qc,
_ERR4693537.415,B.1.177.7,1.0,2021-02-21,passed_qc,
_ERR4693537.416,B.1.177.7,1.0,2021-02-21,passed_qc,
_ERR4693537.417,B.1.177.7,1.0,2021-02-21,passed_qc,
_ERR4693537.418,B.1.177.7,1.0,2021-02-21,passed_qc,
_ERR4693537.419,B.1.177.7,1.0,2021-02-21,passed_qc,
_ERR4693537.420,B.1.177.7,1.0,2021-02-21,passed_qc,
_ERR4693537.421,B.1.177.7,1.0,2021-02-21,passed_qc,
_ERR4693537.422,B.1.177.7,1.0,2021-02-21,passed_qc,
_ERR4693537.423,B.1.177.7,1.0,2021-02-21,passed_qc,
_ERR4693537.424,B.1.177.7,1.0,2021-02-21,passed_qc,
_ERR4693537.425,B.1.177.7,1.0,2021-02-21,passed_qc,
_ERR4693537.426,B.1.177.7,1.0,2021-02-21,passed_qc,
_ERR4693537.427,B.1.177.7,1.0,2021-02-21,passed_qc,
_ERR4693537.428,B.1.177.7,1.0,2021-02-21,passed_qc,
_ERR4693537.429,B.1.177.7,1.0,2021-02-21,passed_qc,
_ERR4693537.430,B.1.177.7,1.0,2021-02-21,passed_qc,
_ERR4693537.431,B.1.177.7,1.0,2021-02-21,passed_qc,
_ERR4693537.432,B.1.177.7,1.0,2021-02-21,passed_qc,
_ERR4693537.433,B.1.177.7,1.0,2021-02-21,passed_qc,
_ERR4693537.434,B.1.177.7,1.0,2021-02-21,passed_qc,
_ERR4693537.435,B.1.177.7,1.0,2021-02-21,passed_qc,
_ERR4693537.436,B.1.177.7,1.0,2021-02-21,passed_qc,
_ERR4693537.437,B.1.177.7,1.0,2021-02-21,passed_qc,
_ERR4693537.438,B.1.177.7,1.0,2021-02-21,passed_qc,
_ERR4693537.439,B.1.177.7,1.0,2021-02-21,passed_qc,
_ERR4693537.440,B.1.177.7,1.0,2021-02-21,passed_qc,
_ERR4693537.441,B.1.177.7,1.0,2021-02-21,passed_qc,
_ERR4693537.442,B.1.177.7,1.0,2021-02-21,passed_qc,
_ERR4693537.443,B.1.177.7,1.0,2021-02-21,passed_qc,
_ERR4693537.444,B.1.177.7,1.0,2021-02-21,passed_qc,
_ERR4693537.445,B.1.177.7,1.0,2021-02-21,passed_qc,
_ERR4693537.446,B.1.177.7,1.0,2021-02-21,passed_qc,
_ERR4693537.447,B.1.177.7,1.0,2021-02-21,passed_qc,
_ERR4693537.448,B.1.177.7,1.0,2021-02-21,passed_qc,
_ERR4693537.449,B.1.177.7,1.0,2021-02-21,passed_qc,
_ERR4693537.450,B.1.177.7,1.0,2021-02-21,passed_qc,
_ERR4693537.451,B.1.177.7,1.0,2021-02-21,passed_qc,
_ERR4693537.452,B.1.177.7,1.0,2021-02-21,passed_qc,
_ERR4693537.453,B.1.177.7,1.0,2021-02-21,passed_qc,
_ERR4693537.454,B.1.177.7,1.0,2021-02-21,passed_qc,
_ERR4693537.455,B.1.177.7,1.0,2021-02-21,passed_qc,
_ERR4693537.456,B.1.177.7,1.0,2021-02-21,passed_qc,
_ERR4693537.457,B.1.177.7,1.0,2021-02-21,passed_qc,
_ERR4693537.458,B.1.177.7,1.0,2021-02-21,passed_qc,
_ERR4693537.459,B.1.177.7,1.0,2021-02-21,passed_qc,
_ERR4693537.460,B.1.177.7,1.0,2021-02-21,passed_qc,
_ERR4693537.461,B.1.177.7,1.0,2021-02-21,passed_qc,
_ERR4693537.462,B.1.177.7,1.0,2021-02-21,passed_qc,
_ERR4693537.463,B.1.177.7,1.0,2021-02-21,passed_qc,
_ERR4693537.464,B.1.177.7,1.0,2021-02-21,passed_qc,
_ERR4693537.465,B.1.177.7,1.0,2021-02-21,passed_qc,
_ERR4693537.466,B.1.177.7,1.0,2021-02-21,passed_qc,
_ERR4693537.467,B.1.177.7,1.0,2021-02-21,passed_qc,
_ERR4693537.468,B.1.177.7,1.0,2021-02-21,passed_qc,
_ERR4693537.469,B.1.177.7,1.0,2021-02-21,passed_qc,
_ERR4693537.470,B.1.177.7,1.0,2021-02-21,passed_qc,
_ERR4693537.471,B.1.177.7,1.0,2021-02-21,passed_qc,
_ERR4693537.472,B.1.177.7,1.0,2021-02-21,passed_qc,
_ERR4693537.473,B.1.177.7,1.0,2021-02-21,passed_qc,
_ERR4693537.474,B.1.177.7,1.0,2021-02-21,passed_qc,
_ERR4693537.475,B.1.177.7,1.0,2021-02-21,passed_qc,
_ERR4693537.476,B.1.177.7,1.0,2021-02-21,passed_qc,
_ERR4693537.477,B.1.177.7,1.0,2021-02-21,passed_qc,
_ERR4693537.478,B.1.177.7,1.0,2021-02-21,passed_qc,
_ERR4693537.479,B.1.177.7,1.0,2021-02-21,passed_qc,
_ERR4693537.480,B.1.177.7,1.0,2021-02-21,passed_qc,
_ERR4693537.481,B.1.177.7,1.0,2021-02-21,passed_qc,
_ERR4693537.482,B.1.177.7,1.0,2021-02-21,passed_qc,
_ERR4693537.483,B.1.177.7,1.0,2021-02-21,passed_qc,
_ERR4693537.484,B.1.177.7,1.0,2021-02-21,passed_qc,
_ERR4693537.485,B.1.177.7,1.0,2021-02-21,passed_qc,
_ERR4693537.486,B.1.177.7,1.0,2021-02-21,passed_qc,
_ERR4693537.487,B.1.177.7,1.0,2021-02-21,passed_qc,
_ERR4693537.488,B.1.177.7,1.0,2021-02-21,passed_qc,
_ERR4693537.489,B.1.177.7,1.0,2021-02-21,passed_qc,
_ERR4693537.490,B.1.177.7,1.0,2021-02-21,passed_qc,
_ERR4693537.491,B.1.177.7,1.0,2021-02-21,passed_qc,
_ERR4693537.492,B.1.177.7,1.0,2021-02-21,passed_qc,
_ERR4693537.493,B.1.177.7,1.0,2021-02-21,passed_qc,
_ERR4693537.494,B.1.177.7,1.0,2021-02-21,passed_qc,
_ERR4693537.495,B.1.177.7,1.0,2021-02-21,passed_qc,
_ERR4693537.496,B.1.177.7,1.0,2021-02-21,passed_qc,
_ERR4693537.497,B.1.177.7,1.0,2021-02-21,passed_qc,
_ERR4693537.498,B.1.177.7,1.0,2021-02-21,passed_qc,
_ERR4693537.499,B.1.177.7,1.0,2021-02-21,passed_qc,
_ERR4693537.500,B.1.177.7,1.0,2021-02-21,passed_qc,
_ERR4693537.501,B.1.177.7,1.0,2021-02-21,passed_qc,
_ERR4693537.502,B.1.177.7,1.0,2021-02-21,passed_qc,
_ERR4693537.503,B.1.177.7,1.0,2021-02-21,passed_qc,
_ERR4693537.504,B.1.177.7,1.0,2021-02-21,passed_qc,
_ERR4693537.505,B.1.177.7,1.0,2021-02-21,passed_qc,
_ERR4693537.506,B.1.177.7,1.0,2021-02-21,passed_qc,
_ERR4693537.507,B.1.177.7,1.0,2021-02-21,passed_qc,
_ERR4693537.508,B.1.177.7,1.0,2021-02-21,passed_qc,
_ERR4693537.509,B.1.177.7,1.0,2021-02-21,passed_qc,
_ERR4693537.510,B.1.177.7,1.0,2021-02-21,passed_qc,
_ERR4693537.511,B.1.177.7,1.0,2021-02-21,passed_qc,
_ERR4693537.512,B.1.177.7,1.0,2021-02-21,passed_qc,
_ERR4693537.513,B.1.177.7,1.0,2021-02-21,passed_qc,
_ERR4693537.514,B.1.177.7,1.0,2021-02-21,passed_qc,
_ERR4693537.515,B.1.177.7,1.0,2021-02-21,passed_qc,
_ERR4693537.516,B.1.177.7,1.0,2021-02-21,passed_qc,
_ERR4693537.517,B.1.177.7,1.0,2021-02-21,passed_qc,
_ERR4693537.518,B.1.177.7,1.0,2021-02-21,passed_qc,
_ERR4693537.519,B.1.177.7,1.0,2021-02-21,passed_qc,
_ERR4693537.520,B.1.177.7,1.0,2021-02-21,passed_qc,
_ERR4693537.521,B.1.177.7,1.0,2021-02-21,passed_qc,
_ERR4693537.522,B.1.177.7,1.0,2021-02-21,passed_qc,
_ERR4693537.523,B.1.177.7,1.0,2021-02-21,passed_qc,
_ERR4693537.524,B.1.177.7,1.0,2021-02-21,passed_qc,
_ERR4693537.525,B.1.177.7,1.0,2021-02-21,passed_qc,
_ERR4693537.526,B.1.177.7,1.0,2021-02-21,passed_qc,
_ERR4693537.527,B.1.177.7,1.0,2021-02-21,passed_qc,
_ERR4693537.528,B.1.177.7,1.0,2021-02-21,passed_qc,
_ERR4693537.529,B.1.177.7,1.0,2021-02-21,passed_qc,
_ERR4693537.530,B.1.177.7,1.0,2021-02-21,passed_qc,
_ERR4693537.531,B.1.177.7,1.0,2021-02-21,passed_qc,
_ERR4693537.532,B.1.177.7,1.0,2021-02-21,passed_qc,
_ERR4693537.533,B.1.177.7,1.0,2021-02-21,passed_qc,
_ERR4693537.534,B.1.177.7,1.0,2021-02-21,passed_qc,
_ERR4693537.535,B.1.177.7,1.0,2021-02-21,passed_qc,
_ERR4693537.536,B.1.177.7,1.0,2021-02-21,passed_qc,
_ERR4693537.537,B.1.177.7,1.0,2021-02-21,passed_qc,
_ERR4693537.538,B.1.177.7,1.0,2021-02-21,passed_qc,
_ERR4693537.539,B.1.177.7,1.0,2021-02-21,passed_qc,
_ERR4693537.540,B.1.177.7,1.0,2021-02-21,passed_qc,
_ERR4693537.541,B.1.177.7,1.0,2021-02-21,passed_qc,
_ERR4693537.542,B.1.177.7,1.0,2021-02-21,passed_qc,
_ERR4693537.543,B.1.177.7,1.0,2021-02-21,passed_qc,
_ERR4693537.544,B.1.177.7,1.0,2021-02-21,passed_qc,
_ERR4693537.545,B.1.177.7,1.0,2021-02-21,passed_qc,
_ERR4693537.546,B.1.177.7,1.0,2021-02-21,passed_qc,
_ERR4693537.547,B.1.177.7,1.0,2021-02-21,passed_qc,
_ERR4693537.548,B.1.177.7,1.0,2021-02-21,passed_qc,
_ERR4693537.549,B.1.177.7,1.0,2021-02-21,passed_qc,
_ERR4693537.550,B.1.177.7,1.0,2021-02-21,passed_qc,
_ERR4693537.551,B.1.177.7,1.0,2021-02-21,passed_qc,
_ERR4693537.552,B.1.177.7,1.0,2021-02-21,passed_qc,
_ERR4693537.553,B.1.177.7,1.0,2021-02-21,passed_qc,
_ERR4693537.554,B.1.177.7,1.0,2021-02-21,passed_qc,
_ERR4693537.555,B.1.177.7,1.0,2021-02-21,passed_qc,
_ERR4693537.556,B.1.177.7,1.0,2021-02-21,passed_qc,
_ERR4693537.557,B.1.177.7,1.0,2021-02-21,passed_qc,
_ERR4693537.558,B.1.177.7,1.0,2021-02-21,passed_qc,
_ERR4693537.559,B.1.177.7,1.0,2021-02-21,passed_qc,
_ERR4693537.560,B.1.177.7,1.0,2021-02-21,passed_qc,
_ERR4693537.561,B.1.177.7,1.0,2021-02-21,passed_qc,
_ERR4693537.562,B.1.177.7,1.0,2021-02-21,passed_qc,
_ERR4693537.563,B.1.177.7,1.0,2021-02-21,passed_qc,
_ERR4693537.564,B.1.177.7,1.0,2021-02-21,passed_qc,
_ERR4693537.565,B.1.177.7,1.0,2021-02-21,passed_qc,
_ERR4693537.566,B.1.177.7,1.0,2021-02-21,passed_qc,
_ERR4693537.567,B.1.177.7,1.0,2021-02-21,passed_qc,
_ERR4693537.568,B.1.177.7,1.0,2021-02-21,passed_qc,
_ERR4693537.569,B.1.177.7,1.0,2021-02-21,passed_qc,
_ERR4693537.570,B.1.177.7,1.0,2021-02-21,passed_qc,
_ERR4693537.571,B.1.177.7,1.0,2021-02-21,passed_qc,
_ERR4693537.572,B.1.177.7,1.0,2021-02-21,passed_qc,
_ERR4693537.573,B.1.177.7,1.0,2021-02-21,passed_qc,
_ERR4693537.574,B.1.177.7,1.0,2021-02-21,passed_qc,
_ERR4693537.575,B.1.177.7,1.0,2021-02-21,passed_qc,
_ERR4693537.576,B.1.177.7,1.0,2021-02-21,passed_qc,
_ERR4693537.577,B.1.177.7,1.0,2021-02-21,passed_qc,
_ERR4693537.578,B.1.177.7,1.0,2021-02-21,passed_qc,
_ERR4693537.579,B.1.177.7,1.0,2021-02-21,passed_qc,
_ERR4693537.580,B.1.177,1.0,2021-02-21,passed_qc,
_ERR4693537.581,B.1.177.7,1.0,2021-02-21,passed_qc,
_ERR4693537.582,B.1.177.7,1.0,2021-02-21,passed_qc,
_ERR4693537.583,B.1.177,1.0,2021-02-21,passed_qc,
_ERR4693537.584,B.1.177.7,1.0,2021-02-21,passed_qc,
_ERR4693537.585,B.1.177.7,1.0,2021-02-21,passed_qc,
_ERR4693537.586,B.1.177.7,1.0,2021-02-21,passed_qc,
_ERR4693537.587,B.1.177.7,1.0,2021-02-21,passed_qc,
_ERR4693537.588,B.1.177.7,1.0,2021-02-21,passed_qc,
_ERR4693537.589,B.1.177.7,1.0,2021-02-21,passed_qc,
_ERR4693537.590,B.1.177.7,1.0,2021-02-21,passed_qc,
_ERR4693537.591,B.1.177.7,1.0,2021-02-21,passed_qc,
_ERR4693537.592,B.1.177.7,1.0,2021-02-21,passed_qc,
_ERR4693537.593,B.1.177.7,1.0,2021-02-21,passed_qc,
_ERR4693537.594,B.1.177.7,1.0,2021-02-21,passed_qc,
_ERR4693537.595,B.1.177.7,1.0,2021-02-21,passed_qc,
_ERR4693537.596,B.1.177.7,1.0,2021-02-21,passed_qc,
_ERR4693537.597,B.1.177.7,1.0,2021-02-21,passed_qc,
_ERR4693537.598,B.1.177.7,1.0,2021-02-21,passed_qc,
_ERR4693537.599,B.1.177.7,1.0,2021-02-21,passed_qc,
_ERR4693537.600,B.1.177.7,1.0,2021-02-21,passed_qc,
_ERR4693537.601,B.1.177.7,1.0,2021-02-21,passed_qc,
_ERR4693537.602,B.1.177.7,1.0,2021-02-21,passed_qc,
_ERR4693537.603,B.1.177.7,1.0,2021-02-21,passed_qc,
_ERR4693537.604,B.1.177.7,1.0,2021-02-21,passed_qc,
_ERR4693537.605,B.1.177.7,1.0,2021-02-21,passed_qc,
_ERR4693537.606,B.1.177.7,1.0,2021-02-21,passed_qc,
_ERR4693537.607,B.1.177.7,1.0,2021-02-21,passed_qc,
_ERR4693537.608,B.1.177.7,1.0,2021-02-21,passed_qc,
_ERR4693537.609,B.1.177.7,1.0,2021-02-21,passed_qc,
_ERR4693537.610,B.1.177.7,1.0,2021-02-21,passed_qc,
_ERR4693537.611,B.1.177.7,1.0,2021-02-21,passed_qc,
_ERR4693537.612,B.1.177.7,1.0,2021-02-21,passed_qc,
_ERR4693537.613,B.1.177.7,1.0,2021-02-21,passed_qc,
_ERR4693537.614,B.1.177.7,1.0,2021-02-21,passed_qc,
_ERR4693537.615,B.1.177.7,1.0,2021-02-21,passed_qc,
_ERR4693537.616,B.1.177.7,1.0,2021-02-21,passed_qc,
_ERR4693537.617,B.1.177.7,1.0,2021-02-21,passed_qc,
_ERR4693537.618,B.1.177.7,1.0,2021-02-21,passed_qc,
_ERR4693537.619,B.1.177.7,1.0,2021-02-21,passed_qc,
_ERR4693537.620,B.1.177.7,1.0,2021-02-21,passed_qc,
_ERR4693537.621,B.1.177.7,1.0,2021-02-21,passed_qc,
_ERR4693537.622,B.1.177.7,1.0,2021-02-21,passed_qc,
_ERR4693537.623,B.1.177.7,1.0,2021-02-21,passed_qc,
_ERR4693537.624,B.1.177.7,1.0,2021-02-21,passed_qc,
_ERR4693537.625,B.1.177.7,1.0,2021-02-21,passed_qc,
_ERR4693537.626,B.1.177.7,1.0,2021-02-21,passed_qc,
_ERR4693537.627,B.1.177.7,1.0,2021-02-21,passed_qc,
_ERR4693537.628,B.1.177.7,1.0,2021-02-21,passed_qc,
_ERR4693537.629,B.1.177.7,1.0,2021-02-21,passed_qc,
_ERR4693537.630,B.1.177.7,1.0,2021-02-21,passed_qc,
_ERR4693537.631,B.1.177.7,1.0,2021-02-21,passed_qc,
_ERR4693537.632,B.1.177.7,1.0,2021-02-21,passed_qc,
_ERR4693537.633,B.1.177.7,1.0,2021-02-21,passed_qc,
_ERR4693537.634,B.1.177.21,1.0,2021-02-21,passed_qc,
_ERR4693537.635,B.1.177.7,1.0,2021-02-21,passed_qc,
_ERR4693537.636,B.1.177.7,1.0,2021-02-21,passed_qc,
_ERR4693537.637,B.1.177.7,1.0,2021-02-21,passed_qc,
_ERR4693537.638,B.1.177.7,1.0,2021-02-21,passed_qc,
_ERR4693537.639,B.1.177.7,1.0,2021-02-21,passed_qc,
_ERR4693537.640,B.1.177.7,1.0,2021-02-21,passed_qc,
_ERR4693537.641,B.1.177.7,1.0,2021-02-21,passed_qc,
_ERR4693537.642,B.1.177.7,1.0,2021-02-21,passed_qc,
_ERR4693537.643,B.1.177.7,1.0,2021-02-21,passed_qc,
_ERR4693537.644,B.1.177.7,1.0,2021-02-21,passed_qc,
_ERR4693537.645,B.1.177.7,1.0,2021-02-21,passed_qc,
_ERR4693537.646,B.1.177.7,1.0,2021-02-21,passed_qc,
_ERR4693537.647,B.1.177.7,1.0,2021-02-21,passed_qc,
_ERR4693537.648,B.1.177.7,1.0,2021-02-21,passed_qc,
_ERR4693537.649,B.1.177.7,1.0,2021-02-21,passed_qc,
_ERR4693537.650,B.1.177.7,1.0,2021-02-21,passed_qc,
_ERR4693537.651,B.1.177.7,1.0,2021-02-21,passed_qc,
_ERR4693537.652,B.1.177.7,1.0,2021-02-21,passed_qc,
_ERR4693537.653,B.1.177.7,1.0,2021-02-21,passed_qc,
_ERR4693537.654,B.1.177.7,1.0,2021-02-21,passed_qc,
_ERR4693537.655,B.1.177.7,1.0,2021-02-21,passed_qc,
_ERR4693537.656,B.1.177.7,1.0,2021-02-21,passed_qc,
_ERR4693537.657,B.1.177.7,1.0,2021-02-21,passed_qc,
_ERR4693537.658,B.1.177.7,1.0,2021-02-21,passed_qc,
_ERR4693537.659,B.1.177.7,1.0,2021-02-21,passed_qc,
_ERR4693537.660,B.1.177.7,1.0,2021-02-21,passed_qc,
_ERR4693537.661,B.1.177.7,1.0,2021-02-21,passed_qc,
_ERR4693537.662,B.1.177.13,1.0,2021-02-21,passed_qc,
_ERR4693537.663,B.1.177.7,1.0,2021-02-21,passed_qc,
_ERR4693537.664,B.1.177.7,1.0,2021-02-21,passed_qc,
_ERR4693537.665,B.1.177.7,1.0,2021-02-21,passed_qc,
_ERR4693537.666,B.1.177.7,1.0,2021-02-21,passed_qc,
_ERR4693537.667,B.1.177.7,1.0,2021-02-21,passed_qc,
_ERR4693537.668,B.1.177.7,1.0,2021-02-21,passed_qc,
_ERR4693537.669,B.1.177.7,1.0,2021-02-21,passed_qc,
_ERR4693537.670,B.1.177.7,1.0,2021-02-21,passed_qc,
_ERR4693537.671,B.1.177.7,1.0,2021-02-21,passed_qc,
_ERR4693537.672,B.1.177.7,1.0,2021-02-21,passed_qc,
_ERR4693537.673,B.1.177.7,1.0,2021-02-21,passed_qc,
_ERR4693537.674,B.1.177.7,1.0,2021-02-21,passed_qc,
_ERR4693537.675,B.1.177.7,1.0,2021-02-21,passed_qc,
_ERR4693537.676,B.1.177.7,1.0,2021-02-21,passed_qc,
_ERR4693537.677,B.1.177.7,1.0,2021-02-21,passed_qc,
_ERR4693537.678,B.1.177.7,1.0,2021-02-21,passed_qc,
_ERR4693537.679,B.1.177.7,1.0,2021-02-21,passed_qc,
_ERR4693537.680,B.1.177.7,1.0,2021-02-21,passed_qc,
_ERR4693537.681,B.1.177.7,1.0,2021-02-21,passed_qc,
_ERR4693537.682,B.1.177.7,1.0,2021-02-21,passed_qc,
_ERR4693537.683,B.1.177.7,1.0,2021-02-21,passed_qc,
_ERR4693537.684,B.1.177.7,1.0,2021-02-21,passed_qc,
_ERR4693537.685,B.1.177.7,1.0,2021-02-21,passed_qc,
_ERR4693537.686,B.1.177.7,1.0,2021-02-21,passed_qc,
_ERR4693537.687,B.1.177.7,1.0,2021-02-21,passed_qc,
_ERR4693537.688,B.1.177.7,1.0,2021-02-21,passed_qc,
_ERR4693537.689,B.1.177.7,1.0,2021-02-21,passed_qc,
_ERR4693537.690,B.1.177.7,1.0,2021-02-21,passed_qc,
_ERR4693537.691,B.1.177.7,1.0,2021-02-21,passed_qc,
_ERR4693537.692,B.1.177.7,1.0,2021-02-21,passed_qc,
_ERR4693537.693,B.1.177.7,1.0,2021-02-21,passed_qc,
_ERR4693537.694,B.1.177.7,1.0,2021-02-21,passed_qc,
_ERR4693537.695,B.1.177.7,1.0,2021-02-21,passed_qc,
_ERR4693537.696,B.1.177.7,1.0,2021-02-21,passed_qc,
_ERR4693537.697,B.1.177.7,1.0,2021-02-21,passed_qc,
_ERR4693537.698,B.1.177.7,1.0,2021-02-21,passed_qc,
_ERR4693537.699,B.1.177.7,1.0,2021-02-21,passed_qc,
_ERR4693537.700,B.1.177.7,1.0,2021-02-21,passed_qc,
_ERR4693537.701,B.1.177.7,1.0,2021-02-21,passed_qc,
_ERR4693537.702,B.1.177.7,1.0,2021-02-21,passed_qc,
_ERR4693537.703,B.1.177.7,1.0,2021-02-21,passed_qc,
_ERR4693537.704,B.1.177.7,1.0,2021-02-21,passed_qc,
_ERR4693537.705,B.1.177.7,1.0,2021-02-21,passed_qc,
_ERR4693537.706,B.1.177.7,1.0,2021-02-21,passed_qc,
_ERR4693537.707,B.1.177.7,1.0,2021-02-21,passed_qc,
_ERR4693537.708,B.1.177.7,1.0,2021-02-21,passed_qc,
_ERR4693537.709,B.1.177.7,1.0,2021-02-21,passed_qc,
_ERR4693537.710,B.1.177.7,1.0,2021-02-21,passed_qc,
_ERR4693537.711,B.1.177.7,1.0,2021-02-21,passed_qc,
_ERR4693537.712,B.1.177.7,1.0,2021-02-21,passed_qc,
_ERR4693537.713,B.1.177.7,1.0,2021-02-21,passed_qc,
_ERR4693537.714,B.1.177.7,1.0,2021-02-21,passed_qc,
_ERR4693537.715,B.1.177.7,1.0,2021-02-21,passed_qc,
_ERR4693537.716,B.1.177.7,1.0,2021-02-21,passed_qc,
_ERR4693537.717,B.1.177.7,1.0,2021-02-21,passed_qc,
_ERR4693537.718,B.1.177.7,1.0,2021-02-21,passed_qc,
_ERR4693537.719,B.1.177.7,1.0,2021-02-21,passed_qc,
_ERR4693537.720,B.1.177.7,1.0,2021-02-21,passed_qc,
_ERR4693537.721,B.1.177.7,1.0,2021-02-21,passed_qc,
_ERR4693537.722,B.1.177.7,1.0,2021-02-21,passed_qc,
_ERR4693537.723,B.1.177.7,1.0,2021-02-21,passed_qc,
_ERR4693537.724,B.1.177.7,1.0,2021-02-21,passed_qc,
_ERR4693537.725,B.1.177.7,1.0,2021-02-21,passed_qc,
_ERR4693537.726,B.1.177,1.0,2021-02-21,passed_qc,
_ERR4693537.727,B.1.177.7,1.0,2021-02-21,passed_qc,
_ERR4693537.728,B.1.177.7,1.0,2021-02-21,passed_qc,
_ERR4693537.729,B.1.177.7,1.0,2021-02-21,passed_qc,
_ERR4693537.730,B.1.177.7,1.0,2021-02-21,passed_qc,
_ERR4693537.731,B.1.177.7,1.0,2021-02-21,passed_qc,
_ERR4693537.732,B.1.177.7,1.0,2021-02-21,passed_qc,
_ERR4693537.733,B.1.177.7,1.0,2021-02-21,passed_qc,
_ERR4693537.734,B.1.177.7,1.0,2021-02-21,passed_qc,
_ERR4693537.735,B.1.177.7,1.0,2021-02-21,passed_qc,
_ERR4693537.736,B.1.177.7,1.0,2021-02-21,passed_qc,
_ERR4693537.737,B.1.177.7,1.0,2021-02-21,passed_qc,
_ERR4693537.738,B.1.177.7,1.0,2021-02-21,passed_qc,
_ERR4693537.739,B.1.177.7,1.0,2021-02-21,passed_qc,
_ERR4693537.740,B.1.177.7,1.0,2021-02-21,passed_qc,
_ERR4693537.741,B.1.177.7,1.0,2021-02-21,passed_qc,
_ERR4693537.742,B.1.177.7,1.0,2021-02-21,passed_qc,
_ERR4693537.743,B.1.177.7,1.0,2021-02-21,passed_qc,
_ERR4693537.744,B.1.177.7,1.0,2021-02-21,passed_qc,
_ERR4693537.745,B.1.177.7,1.0,2021-02-21,passed_qc,
_ERR4693537.746,B.1.177.7,1.0,2021-02-21,passed_qc,
_ERR4693537.747,B.1.177.7,1.0,2021-02-21,passed_qc,
_ERR4693537.748,B.1.177.7,1.0,2021-02-21,passed_qc,
_ERR4693537.749,B.1.177.7,1.0,2021-02-21,passed_qc,
_ERR4693537.750,B.1.177,1.0,2021-02-21,passed_qc,
_ERR4693537.751,B.1.177.7,1.0,2021-02-21,passed_qc,
_ERR4693537.752,B.1.177.7,1.0,2021-02-21,passed_qc,
_ERR4693537.753,B.1.177.7,1.0,2021-02-21,passed_qc,
_ERR4693537.754,B.1.177.7,1.0,2021-02-21,passed_qc,
_ERR4693537.755,B.1.177.7,1.0,2021-02-21,passed_qc,
_ERR4693537.756,B.1.177.7,1.0,2021-02-21,passed_qc,
_ERR4693537.757,B.1.177.7,1.0,2021-02-21,passed_qc,
_ERR4693537.758,B.1.177.7,1.0,2021-02-21,passed_qc,
_ERR4693537.759,B.1.177.7,1.0,2021-02-21,passed_qc,
_ERR4693537.760,B.1.177.7,1.0,2021-02-21,passed_qc,
_ERR4693537.761,B.1.177.7,1.0,2021-02-21,passed_qc,
_ERR4693537.762,B.1.177.7,1.0,2021-02-21,passed_qc,
_ERR4693537.763,B.1.177.7,1.0,2021-02-21,passed_qc,
_ERR4693537.764,B.1.177.7,1.0,2021-02-21,passed_qc,
_ERR4693537.765,B.1.177.7,1.0,2021-02-21,passed_qc,
_ERR4693537.766,B.1.177.7,1.0,2021-02-21,passed_qc,
_ERR4693537.767,B.1.177.7,1.0,2021-02-21,passed_qc,
_ERR4693537.768,B.1.177.7,1.0,2021-02-21,passed_qc,
_ERR4693537.769,B.1.177.7,1.0,2021-02-21,passed_qc,
_ERR4693537.770,B.1.177.7,1.0,2021-02-21,passed_qc,
_ERR4693537.771,B.1.177.7,1.0,2021-02-21,passed_qc,
_ERR4693537.772,B.1.177.7,1.0,2021-02-21,passed_qc,
_ERR4693537.773,B.1.177.7,1.0,2021-02-21,passed_qc,
_ERR4693537.774,B.1.177.7,1.0,2021-02-21,passed_qc,
_ERR4693537.775,B.1.177.7,1.0,2021-02-21,passed_qc,
_ERR4693537.776,B.1.177,1.0,2021-02-21,passed_qc,
_ERR4693537.777,B.1.177.7,1.0,2021-02-21,passed_qc,
_ERR4693537.778,B.1.177.7,1.0,2021-02-21,passed_qc,
_ERR4693537.779,B.1.177.7,1.0,2021-02-21,passed_qc,
_ERR4693537.780,B.1.177,1.0,2021-02-21,passed_qc,
_ERR4693537.781,B.1.177.7,1.0,2021-02-21,passed_qc,
_ERR4693537.782,B.1.177.7,1.0,2021-02-21,passed_qc,
_ERR4693537.783,B.1.177.7,1.0,2021-02-21,passed_qc,
_ERR4693537.784,B.1.177.7,1.0,2021-02-21,passed_qc,
_ERR4693537.785,B.1.177.7,1.0,2021-02-21,passed_qc,
_ERR4693537.786,B.1.177.7,1.0,2021-02-21,passed_qc,
_ERR4693537.787,B.1.177.7,1.0,2021-02-21,passed_qc,
_ERR4693537.788,B.1.177.7,1.0,2021-02-21,passed_qc,
_ERR4693537.789,B.1.177.7,1.0,2021-02-21,passed_qc,
_ERR4693537.790,B.1.177.7,1.0,2021-02-21,passed_qc,
_ERR4693537.791,B.1.177.7,1.0,2021-02-21,passed_qc,
_ERR4693537.792,B.1.177.7,1.0,2021-02-21,passed_qc,
_ERR4693537.793,B.1.177.7,1.0,2021-02-21,passed_qc,
_ERR4693537.794,B.1.177.7,1.0,2021-02-21,passed_qc,
_ERR4693537.795,B.1.177.7,1.0,2021-02-21,passed_qc,
_ERR4693537.796,B.1.177.7,1.0,2021-02-21,passed_qc,
_ERR4693537.797,B.1.177.7,1.0,2021-02-21,passed_qc,
_ERR4693537.798,B.1.177.7,1.0,2021-02-21,passed_qc,
_ERR4693537.799,B.1.177.7,1.0,2021-02-21,passed_qc,
_ERR4693537.800,B.1.177.7,1.0,2021-02-21,passed_qc,
_ERR4693537.801,B.1.177.7,1.0,2021-02-21,passed_qc,
_ERR4693537.802,B.1.177.7,1.0,2021-02-21,passed_qc,
_ERR4693537.803,B.1.177.7,1.0,2021-02-21,passed_qc,
_ERR4693537.804,B.1.177.7,1.0,2021-02-21,passed_qc,
_ERR4693537.805,B.1.177.7,1.0,2021-02-21,passed_qc,
_ERR4693537.806,B.1.177.7,1.0,2021-02-21,passed_qc,
_ERR4693537.807,B.1.177.7,1.0,2021-02-21,passed_qc,
_ERR4693537.808,B.1.177.7,1.0,2021-02-21,passed_qc,
_ERR4693537.809,B.1.177.7,1.0,2021-02-21,passed_qc,
_ERR4693537.810,B.1.177.7,1.0,2021-02-21,passed_qc,
_ERR4693537.811,B.1.177.7,1.0,2021-02-21,passed_qc,
_ERR4693537.812,B.1.177.7,1.0,2021-02-21,passed_qc,
_ERR4693537.813,B.1.177.7,1.0,2021-02-21,passed_qc,
_ERR4693537.814,B.1.177.7,1.0,2021-02-21,passed_qc,
_ERR4693537.815,B.1.177.7,1.0,2021-02-21,passed_qc,
_ERR4693537.816,B.1.177.7,1.0,2021-02-21,passed_qc,
_ERR4693537.817,B.1.177.7,1.0,2021-02-21,passed_qc,
_ERR4693537.818,B.1.177.7,1.0,2021-02-21,passed_qc,
_ERR4693537.819,B.1.177.7,1.0,2021-02-21,passed_qc,
_ERR4693537.820,B.1.177.7,1.0,2021-02-21,passed_qc,
_ERR4693537.821,B.1.177,1.0,2021-02-21,passed_qc,
_ERR4693537.822,B.1.177.7,1.0,2021-02-21,passed_qc,
_ERR4693537.823,B.1.177.7,1.0,2021-02-21,passed_qc,
_ERR4693537.824,B.1.177.7,1.0,2021-02-21,passed_qc,
_ERR4693537.825,B.1.177,1.0,2021-02-21,passed_qc,
_ERR4693537.826,B.1.177,1.0,2021-02-21,passed_qc,
_ERR4693537.827,B.1.177.7,1.0,2021-02-21,passed_qc,
_ERR4693537.828,B.1.177.7,1.0,2021-02-21,passed_qc,
_ERR4693537.829,B.1.177.7,1.0,2021-02-21,passed_qc,
_ERR4693537.830,B.1.177.7,1.0,2021-02-21,passed_qc,
_ERR4693537.831,B.1.177.7,1.0,2021-02-21,passed_qc,
_ERR4693537.832,B.1.177.7,1.0,2021-02-21,passed_qc,
_ERR4693537.833,B.1.177.7,1.0,2021-02-21,passed_qc,
_ERR4693537.834,B.1.177.7,1.0,2021-02-21,passed_qc,
_ERR4693537.835,B.1.177.7,1.0,2021-02-21,passed_qc,
_ERR4693537.836,B.1.177.7,1.0,2021-02-21,passed_qc,
_ERR4693537.837,B.1.177.7,1.0,2021-02-21,passed_qc,
_ERR4693537.838,B.1.177.7,1.0,2021-02-21,passed_qc,
_ERR4693537.839,B.1.177.7,1.0,2021-02-21,passed_qc,
_ERR4693537.840,B.1.177.7,1.0,2021-02-21,passed_qc,
_ERR4693537.841,B.1.177.7,1.0,2021-02-21,passed_qc,
_ERR4693537.842,B.1.177.7,1.0,2021-02-21,passed_qc,
_ERR4693537.843,B.1.177.7,1.0,2021-02-21,passed_qc,
_ERR4693537.844,B.1.177.7,1.0,2021-02-21,passed_qc,
_ERR4693537.845,B.1.177.7,1.0,2021-02-21,passed_qc,
_ERR4693537.846,B.1.177.7,1.0,2021-02-21,passed_qc,
_ERR4693537.847,B.1.177.7,1.0,2021-02-21,passed_qc,
_ERR4693537.848,B.1.177.7,1.0,2021-02-21,passed_qc,
_ERR4693537.849,B.1.177.7,1.0,2021-02-21,passed_qc,
_ERR4693537.850,B.1.177.7,1.0,2021-02-21,passed_qc,
_ERR4693537.851,B.1.177.7,1.0,2021-02-21,passed_qc,
_ERR4693537.852,B.1.177.7,1.0,2021-02-21,passed_qc,
_ERR4693537.853,B.1.177.7,1.0,2021-02-21,passed_qc,
_ERR4693537.854,B.1.177.7,1.0,2021-02-21,passed_qc,
_ERR4693537.855,B.1.177.7,1.0,2021-02-21,passed_qc,
_ERR4693537.856,B.1.177.7,1.0,2021-02-21,passed_qc,
_ERR4693537.857,B.1.177.7,1.0,2021-02-21,passed_qc,
_ERR4693537.858,B.1.177.7,1.0,2021-02-21,passed_qc,
_ERR4693537.859,B.1.177.7,1.0,2021-02-21,passed_qc,
_ERR4693537.860,B.1.177.7,1.0,2021-02-21,passed_qc,
_ERR4693537.861,B.1.177.7,1.0,2021-02-21,passed_qc,
_ERR4693537.862,B.1.177.7,1.0,2021-02-21,passed_qc,
_ERR4693537.863,B.1.177.7,1.0,2021-02-21,passed_qc,
_ERR4693537.864,B.1.177.7,1.0,2021-02-21,passed_qc,
_ERR4693537.865,B.1.177.7,1.0,2021-02-21,passed_qc,
_ERR4693537.866,B.1.177.7,1.0,2021-02-21,passed_qc,
_ERR4693537.867,B.1.177.7,1.0,2021-02-21,passed_qc,
_ERR4693537.868,B.1.177.7,1.0,2021-02-21,passed_qc,
_ERR4693537.869,B.1.177.7,1.0,2021-02-21,passed_qc,
_ERR4693537.870,B.1.177.7,1.0,2021-02-21,passed_qc,
_ERR4693537.871,B.1.177.7,1.0,2021-02-21,passed_qc,
_ERR4693537.872,B.1.177.7,1.0,2021-02-21,passed_qc,
_ERR4693537.873,B.1.177.7,1.0,2021-02-21,passed_qc,
_ERR4693537.874,B.1.177.7,1.0,2021-02-21,passed_qc,
_ERR4693537.875,B.1.177.7,1.0,2021-02-21,passed_qc,
_ERR4693537.876,B.1.177.7,1.0,2021-02-21,passed_qc,
_ERR4693537.877,B.1.177.7,1.0,2021-02-21,passed_qc,
_ERR4693537.878,B.1.177.7,1.0,2021-02-21,passed_qc,
_ERR4693537.879,B.1.177.7,1.0,2021-02-21,passed_qc,
_ERR4693537.880,B.1.177.7,1.0,2021-02-21,passed_qc,
_ERR4693537.881,B.1.177.7,1.0,2021-02-21,passed_qc,
_ERR4693537.882,B.1.177.7,1.0,2021-02-21,passed_qc,
_ERR4693537.883,B.1.177.7,1.0,2021-02-21,passed_qc,
_ERR4693537.884,B.1.177.7,1.0,2021-02-21,passed_qc,
_ERR4693537.885,B.1.177.7,1.0,2021-02-21,passed_qc,
_ERR4693537.886,B.1.177.7,1.0,2021-02-21,passed_qc,
_ERR4693537.887,B.1.177.7,1.0,2021-02-21,passed_qc,
_ERR4693537.888,B.1.177.7,1.0,2021-02-21,passed_qc,
_ERR4693537.889,B.1.177.7,1.0,2021-02-21,passed_qc,
_ERR4693537.890,B.1.177.7,1.0,2021-02-21,passed_qc,
_ERR4693537.891,B.1.177.7,1.0,2021-02-21,passed_qc,
_ERR4693537.892,B.1.177.7,1.0,2021-02-21,passed_qc,
_ERR4693537.893,B.1.177.7,1.0,2021-02-21,passed_qc,
_ERR4693537.894,B.1.177.7,1.0,2021-02-21,passed_qc,
_ERR4693537.895,B.1.177,1.0,2021-02-21,passed_qc,
_ERR4693537.896,B.1.177.7,1.0,2021-02-21,passed_qc,
_ERR4693537.897,B.1.177,1.0,2021-02-21,passed_qc,
_ERR4693537.898,B.1.177.7,1.0,2021-02-21,passed_qc,
_ERR4693537.899,B.1.177.7,1.0,2021-02-21,passed_qc,
_ERR4693537.900,B.1.177.7,1.0,2021-02-21,passed_qc,
_ERR4693537.901,B.1.177.7,1.0,2021-02-21,passed_qc,
_ERR4693537.902,B.1.177.7,1.0,2021-02-21,passed_qc,
_ERR4693537.903,B.1.177.7,1.0,2021-02-21,passed_qc,
_ERR4693537.904,B.1.177.7,1.0,2021-02-21,passed_qc,
_ERR4693537.905,B.1.177.7,1.0,2021-02-21,passed_qc,
_ERR4693537.906,B.1.177.7,1.0,2021-02-21,passed_qc,
_ERR4693537.907,B.1.177.7,1.0,2021-02-21,passed_qc,
_ERR4693537.908,B.1.177.7,1.0,2021-02-21,passed_qc,
_ERR4693537.909,B.1.177.7,1.0,2021-02-21,passed_qc,
_ERR4693537.910,B.1.177.7,1.0,2021-02-21,passed_qc,
_ERR4693537.911,B.1.177.7,1.0,2021-02-21,passed_qc,
_ERR4693537.912,B.1.177.7,1.0,2021-02-21,passed_qc,
_ERR4693537.913,B.1.177.7,1.0,2021-02-21,passed_qc,
_ERR4693537.914,B.1.177.7,1.0,2021-02-21,passed_qc,
_ERR4693537.915,B.1.177.7,1.0,2021-02-21,passed_qc,
_ERR4693537.916,B.1.177,1.0,2021-02-21,passed_qc,
_ERR4693537.917,B.1.177.7,1.0,2021-02-21,passed_qc,
_ERR4693537.918,B.1.177.7,1.0,2021-02-21,passed_qc,
_ERR4693537.919,B.1.177.7,1.0,2021-02-21,passed_qc,
_ERR4693537.920,B.1.177.7,1.0,2021-02-21,passed_qc,
_ERR4693537.921,B.1.177.7,1.0,2021-02-21,passed_qc,
_ERR4693537.922,B.1.177.7,1.0,2021-02-21,passed_qc,
_ERR4693537.923,B.1.177.7,1.0,2021-02-21,passed_qc,
_ERR4693537.924,B.1.177.7,1.0,2021-02-21,passed_qc,
_ERR4693537.925,B.1.177.7,1.0,2021-02-21,passed_qc,
_ERR4693537.926,B.1.177.7,1.0,2021-02-21,passed_qc,
_ERR4693537.927,B.1.177.7,1.0,2021-02-21,passed_qc,
_ERR4693537.928,B.1.177.7,1.0,2021-02-21,passed_qc,
_ERR4693537.929,B.1.177.7,1.0,2021-02-21,passed_qc,
_ERR4693537.930,B.1.177.7,1.0,2021-02-21,passed_qc,
_ERR4693537.931,B.1.177.7,1.0,2021-02-21,passed_qc,
_ERR4693537.932,B.1.177.7,1.0,2021-02-21,passed_qc,
_ERR4693537.933,B.1.177.7,1.0,2021-02-21,passed_qc,
_ERR4693537.934,B.1.177.7,1.0,2021-02-21,passed_qc,
_ERR4693537.935,B.1.177.7,1.0,2021-02-21,passed_qc,
_ERR4693537.936,B.1.177.7,1.0,2021-02-21,passed_qc,
_ERR4693537.937,B.1.177.7,1.0,2021-02-21,passed_qc,
_ERR4693537.938,B.1.177.7,1.0,2021-02-21,passed_qc,
_ERR4693537.939,B.1.177.7,1.0,2021-02-21,passed_qc,
_ERR4693537.940,B.1.177.7,1.0,2021-02-21,passed_qc,
_ERR4693537.941,B.1.177.7,1.0,2021-02-21,passed_qc,
_ERR4693537.942,B.1.177.7,1.0,2021-02-21,passed_qc,
_ERR4693537.943,B.1.177.7,1.0,2021-02-21,passed_qc,
_ERR4693537.944,B.1.177.7,1.0,2021-02-21,passed_qc,
_ERR4693537.945,B.1.177.7,1.0,2021-02-21,passed_qc,
_ERR4693537.946,B.1.177.7,1.0,2021-02-21,passed_qc,
_ERR4693537.947,B.1.177.7,1.0,2021-02-21,passed_qc,
_ERR4693537.948,B.1.177.7,1.0,2021-02-21,passed_qc,
_ERR4693537.949,B.1.177.7,1.0,2021-02-21,passed_qc,
_ERR4693537.950,B.1.177.7,1.0,2021-02-21,passed_qc,
_ERR4693537.951,B.1.177.7,1.0,2021-02-21,passed_qc,
_ERR4693537.952,B.1.177.7,1.0,2021-02-21,passed_qc,
_ERR4693537.953,B.1.177.7,1.0,2021-02-21,passed_qc,
_ERR4693537.954,B.1.177.7,1.0,2021-02-21,passed_qc,
_ERR4693537.955,B.1.177.7,1.0,2021-02-21,passed_qc,
_ERR4693537.956,B.1.177.7,1.0,2021-02-21,passed_qc,
_ERR4693537.957,B.1.177.7,1.0,2021-02-21,passed_qc,
_ERR4693537.958,B.1.177.7,1.0,2021-02-21,passed_qc,
_ERR4693537.959,B.1.177.7,1.0,2021-02-21,passed_qc,
_ERR4693537.960,B.1.177.7,1.0,2021-02-21,passed_qc,
_ERR4693537.961,B.1.177.7,1.0,2021-02-21,passed_qc,
_ERR4693537.962,B.1.177.7,1.0,2021-02-21,passed_qc,
_ERR4693537.963,B.1.177.7,1.0,2021-02-21,passed_qc,
_ERR4693537.964,B.1.177.7,1.0,2021-02-21,passed_qc,
_ERR4693537.965,B.1.177.7,1.0,2021-02-21,passed_qc,
_ERR4693537.966,B.1.177.7,1.0,2021-02-21,passed_qc,
_ERR4693537.967,B.1.177.7,1.0,2021-02-21,passed_qc,
_ERR4693537.968,B.1.177,1.0,2021-02-21,passed_qc,
_ERR4693537.969,B.1.177.7,1.0,2021-02-21,passed_qc,
_ERR4693537.970,B.1.177.7,1.0,2021-02-21,passed_qc,
_ERR4693537.971,B.1.177.7,1.0,2021-02-21,passed_qc,
_ERR4693537.972,B.1.177.7,1.0,2021-02-21,passed_qc,
_ERR4693537.973,B.1.177.7,1.0,2021-02-21,passed_qc,
_ERR4693537.974,B.1.177.7,1.0,2021-02-21,passed_qc,
_ERR4693537.975,B.1.177.7,1.0,2021-02-21,passed_qc,
_ERR4693537.976,B.1.177.7,1.0,2021-02-21,passed_qc,
_ERR4693537.977,B.1.177.7,1.0,2021-02-21,passed_qc,
_ERR4693537.978,B.1.177.7,1.0,2021-02-21,passed_qc,
_ERR4693537.979,B.1.177.7,1.0,2021-02-21,passed_qc,
_ERR4693537.980,B.1.177.7,1.0,2021-02-21,passed_qc,
_ERR4693537.981,B.1.177.7,1.0,2021-02-21,passed_qc,
_ERR4693537.982,B.1.177.7,1.0,2021-02-21,passed_qc,
_ERR4693537.983,B.1.177.7,1.0,2021-02-21,passed_qc,
_ERR4693537.984,B.1.177.7,1.0,2021-02-21,passed_qc,
_ERR4693537.985,B.1.177.7,1.0,2021-02-21,passed_qc,
_ERR4693537.986,B.1.177.7,1.0,2021-02-21,passed_qc,
_ERR4693537.987,B.1.177.7,1.0,2021-02-21,passed_qc,
_ERR4693537.988,B.1.177.7,1.0,2021-02-21,passed_qc,
_ERR4693537.989,B.1.177.7,1.0,2021-02-21,passed_qc,
_ERR4693537.990,B.1.177.7,1.0,2021-02-21,passed_qc,
_ERR4693537.991,B.1.177.7,1.0,2021-02-21,passed_qc,
_ERR4693537.992,B.1.177.7,1.0,2021-02-21,passed_qc,
_ERR4693537.993,B.1.177.7,1.0,2021-02-21,passed_qc,
_ERR4693537.994,B.1.177.7,1.0,2021-02-21,passed_qc,
_ERR4693537.995,B.1.177.7,1.0,2021-02-21,passed_qc,
_ERR4693537.996,B.1.177.7,1.0,2021-02-21,passed_qc,
_ERR4693537.997,B.1.177.7,1.0,2021-02-21,passed_qc,
_ERR4693537.998,B.1.177.7,1.0,2021-02-21,passed_qc,
_ERR4693537.999,B.1.177.7,1.0,2021-02-21,passed_qc,
_ERR4693537.1000,B.1.177.7,1.0,2021-02-21,passed_qc,
_ERR4693537.1001,B.1.177.7,1.0,2021-02-21,passed_qc,
